{"fairness": 0.6889780387040665, "support": 0.6887848371984471, "material": 0.6733722869276968, "fun": 0.658052041306404, "comprehensibility": 0.6902815070239758, "interesting": 0.6904330387314034, "grade_effort": 0.6454930508355163}